Purchase Order,Vendor/Supplier,Product,Variant,SKU,Barcode,Supplier Code,ASIN,minimum_stock_quantity,Date 1,Weight,Total Weight,Weight Unit,Status,Received at,Retail Price,In Stock,Qty Ordered,Pack Size,Qty (packs) Ordered,Cost (base),Total Cost (base),Cost (supplier currency),Total Cost (supplier currency)
T2840,Vuori Clothing,Tradewind Performance Tee | Tobacco Heather,Tobacco Heather / L,V109TOHLRG,843084177165,,,,,5.28,21.12,oz,delivered,03/25/2021 at 14:46,48.00,512,4,N/A,N/A,,,,
T2840,Vuori Clothing,Tradewind Performance Tee | Tobacco Heather,Tobacco Heather / M,V109TOHMED,843084177158,,,,,5.28,21.12,oz,delivered,03/25/2021 at 14:46,48.00,385,4,N/A,N/A,,,,
T2840,Vuori Clothing,Tradewind Performance Tee | Tobacco Heather,Tobacco Heather / S,V109TOHSML,843084177141,,,,,5.28,15.84,oz,delivered,03/25/2021 at 14:46,48.00,199,3,N/A,N/A,,,,
T2840,Vuori Clothing,Tradewind Performance Tee | Tobacco Heather,Tobacco Heather / XL,V109TOHXLG,843084177172,,,,,5.28,10.56,oz,delivered,03/25/2021 at 14:46,48.00,247,2,N/A,N/A,,,,
T2840,Vuori Clothing,Tradewind Performance Tee | Tobacco Heather,Tobacco Heather / XXL,V109TOHXXL,843084177189,,,,,5.28,5.28,oz,delivered,03/25/2021 at 14:46,48.00,67,1,N/A,N/A,,,,
T2840,Vuori Clothing,Strato Tech Tee | Cloud Heather,Cloud Heather / L,V126HCLLRG,843084163762,,,,,3.04,12.16,oz,delivered,03/25/2021 at 14:46,44.00,225,4,N/A,N/A,10.95,43.80,,
T2840,Vuori Clothing,Strato Tech Tee | Cloud Heather,Cloud Heather / M,V126HCLMED,843084163755,,,,,3.04,12.16,oz,delivered,03/25/2021 at 14:46,44.00,303,4,N/A,N/A,10.95,43.80,,
T2840,Vuori Clothing,Strato Tech Tee | Cloud Heather,Cloud Heather / S,V126HCLSML,843084163748,,,,,3.04,9.12,oz,delivered,03/25/2021 at 14:46,44.00,204,3,N/A,N/A,10.95,32.85,,
T2840,Vuori Clothing,Strato Tech Tee | Cloud Heather,Cloud Heather / XL,V126HCLXLG,843084163779,,,,,3.04,6.08,oz,delivered,03/25/2021 at 14:46,44.00,26,2,N/A,N/A,10.95,21.90,,
T2840,Vuori Clothing,Strato Tech Tee | Cloud Heather,Cloud Heather / XXL,V126HCLXXL,843084163786,,,,,3.04,3.04,oz,delivered,03/25/2021 at 14:46,44.00,50,1,N/A,N/A,10.95,10.95,,
T2840,Vuori Clothing,Tradewind Performance Tank | Black,Black / L,V142BLKLRG,843084100897,"","","",,4.8,19.2,oz,delivered,03/25/2021 at 14:46,42.00,751,4,N/A,N/A,10.20,40.80,,
T2840,Vuori Clothing,Tradewind Performance Tank | Black,Black / M,V142BLKMED,843084100880,"","","",,4.8,19.2,oz,delivered,03/25/2021 at 14:46,42.00,571,4,N/A,N/A,10.20,40.80,,
T2840,Vuori Clothing,Tradewind Performance Tank | Black,Black / S,V142BLKSML,843084100873,"","","",,4.8,14.4,oz,delivered,03/25/2021 at 14:46,42.00,451,3,N/A,N/A,10.20,30.60,,
T2840,Vuori Clothing,Tradewind Performance Tank | Black,Black / XL,V142BLKXLG,843084100903,"","","",,4.8,9.6,oz,delivered,03/25/2021 at 14:46,42.00,491,2,N/A,N/A,10.20,20.40,,
T2840,Vuori Clothing,Tradewind Performance Tank | Black,Black / XXL,V142BLKXXL,843084100910,"","","",,4.8,4.8,oz,delivered,03/25/2021 at 14:46,42.00,98,1,N/A,N/A,10.20,10.20,,
T2840,Vuori Clothing,Tradewind Performance Tank | Heather Grey,Heather Grey / L,V142HTGLRG,843084100941,"","","",,4.8,19.2,oz,delivered,03/25/2021 at 14:46,42.00,643,4,N/A,N/A,10.20,40.80,,
T2840,Vuori Clothing,Tradewind Performance Tank | Heather Grey,Heather Grey / M,V142HTGMED,843084100934,"","","",,4.8,19.2,oz,delivered,03/25/2021 at 14:46,42.00,446,4,N/A,N/A,10.20,40.80,,
T2840,Vuori Clothing,Tradewind Performance Tank | Heather Grey,Heather Grey / S,V142HTGSML,843084100927,"","","",,4.8,14.4,oz,delivered,03/25/2021 at 14:46,42.00,282,3,N/A,N/A,10.20,30.60,,
T2840,Vuori Clothing,Tradewind Performance Tank | Heather Grey,Heather Grey / XL,V142HTGXLG,843084100958,"","","",,4.8,9.6,oz,delivered,03/25/2021 at 14:46,42.00,516,2,N/A,N/A,10.20,20.40,,
T2840,Vuori Clothing,Tradewind Performance Tank | Heather Grey,Heather Grey / XXL,V142HTGXXL,843084100965,"","","",,4.8,4.8,oz,delivered,03/25/2021 at 14:46,42.00,108,1,N/A,N/A,10.20,10.20,,
T2840,Vuori Clothing,Long-Sleeve Tradewind Performance Tee | Mineral Heather,Mineral Heather / L,V177HMILRG,843084177868,,,,,6.56,26.24,oz,delivered,03/25/2021 at 14:46,58.00,374,4,N/A,N/A,,,,
T2840,Vuori Clothing,Long-Sleeve Tradewind Performance Tee | Mineral Heather,Mineral Heather / M,V177HMIMED,843084177851,,,,,6.56,26.24,oz,delivered,03/25/2021 at 14:46,58.00,277,4,N/A,N/A,,,,
T2840,Vuori Clothing,Long-Sleeve Tradewind Performance Tee | Mineral Heather,Mineral Heather / S,V177HMISML,843084177844,,,,,6.56,19.68,oz,delivered,03/25/2021 at 14:46,58.00,123,3,N/A,N/A,,,,
T2840,Vuori Clothing,Long-Sleeve Tradewind Performance Tee | Mineral Heather,Mineral Heather / XL,V177HMIXLG,843084177875,,,,,6.56,13.12,oz,delivered,03/25/2021 at 14:46,58.00,175,2,N/A,N/A,,,,
T2840,Vuori Clothing,Long-Sleeve Tradewind Performance Tee | Mineral Heather,Mineral Heather / XXL,V177HMIXXL,843084177882,,,,,6.56,6.56,oz,delivered,03/25/2021 at 14:46,58.00,42,1,N/A,N/A,,,,
T2840,Vuori Clothing,Strato Tech Polo | Platinum Heather,Platinum Heather / L,V188HPTLRG,843084178612,,,,,5.12,20.48,oz,delivered,03/25/2021 at 14:46,54.00,410,4,N/A,N/A,,,,
T2840,Vuori Clothing,Strato Tech Polo | Platinum Heather,Platinum Heather / M,V188HPTMED,843084178605,,,,,5.12,20.48,oz,delivered,03/25/2021 at 14:46,54.00,263,4,N/A,N/A,,,,
T2840,Vuori Clothing,Strato Tech Polo | Platinum Heather,Platinum Heather / S,V188HPTSML,843084178599,,,,,5.12,15.36,oz,delivered,03/25/2021 at 14:46,54.00,69,3,N/A,N/A,,,,
T2840,Vuori Clothing,Strato Tech Polo | Platinum Heather,Platinum Heather / XL,V188HPTXLG,843084178629,,,,,5.12,10.24,oz,delivered,03/25/2021 at 14:46,54.00,164,2,N/A,N/A,,,,
T2840,Vuori Clothing,Strato Tech Polo | Platinum Heather,Platinum Heather / XXL,V188HPTXXL,843084178636,,,,,5.12,5.12,oz,delivered,03/25/2021 at 14:46,54.00,31,1,N/A,N/A,,,,
T2840,Vuori Clothing,Ponto Performance Crew | Flax Heather,Flax Heather / L,V224HFLLRG,843084179169,,,,,9.92,59.52,oz,delivered,03/25/2021 at 14:46,98.00,430,6,N/A,N/A,,,,
T2840,Vuori Clothing,Ponto Performance Crew | Flax Heather,Flax Heather / M,V224HFLMED,843084179152,,,,,9.92,59.52,oz,delivered,03/25/2021 at 14:46,98.00,315,6,N/A,N/A,,,,
T2840,Vuori Clothing,Ponto Performance Crew | Flax Heather,Flax Heather / S,V224HFLSML,843084179145,,,,,9.92,39.68,oz,delivered,03/25/2021 at 14:46,98.00,54,4,N/A,N/A,,,,
T2840,Vuori Clothing,Ponto Performance Crew | Flax Heather,Flax Heather / XL,V224HFLXLG,843084179176,,,,,9.92,39.68,oz,delivered,03/25/2021 at 14:46,98.00,226,4,N/A,N/A,,,,
T2840,Vuori Clothing,Ponto Performance Crew | Flax Heather,Flax Heather / XXL,V224HFLXXL,843084179183,,,,,9.92,19.84,oz,delivered,03/25/2021 at 14:46,98.00,30,2,N/A,N/A,,,,
T2840,Vuori Clothing,Ponto Performance Crew | Oregano Heather,Oregano Heather / L,V224HORLRG,843084179213,,,,,9.92,59.52,oz,delivered,03/25/2021 at 14:46,98.00,262,6,N/A,N/A,,,,
T2840,Vuori Clothing,Ponto Performance Crew | Oregano Heather,Oregano Heather / M,V224HORMED,843084179206,,,,,9.92,59.52,oz,delivered,03/25/2021 at 14:46,98.00,203,6,N/A,N/A,,,,
T2840,Vuori Clothing,Ponto Performance Crew | Oregano Heather,Oregano Heather / S,V224HORSML,843084179190,,,,,9.92,39.68,oz,delivered,03/25/2021 at 14:46,98.00,40,4,N/A,N/A,,,,
T2840,Vuori Clothing,Ponto Performance Crew | Oregano Heather,Oregano Heather / XL,V224HORXLG,843084179220,,,,,9.92,39.68,oz,delivered,03/25/2021 at 14:46,98.00,144,4,N/A,N/A,,,,
T2840,Vuori Clothing,Ponto Performance Crew | Oregano Heather,Oregano Heather / XXL,V224HORXXL,843084179237,,,,,9.92,19.84,oz,delivered,03/25/2021 at 14:46,98.00,5,2,N/A,N/A,,,,
T2840,Vuori Clothing,Vital Crew | Charcoal,Charcoal / L,V245CCLLRG,843084179664,,,,,12.32,49.28,oz,delivered,03/25/2021 at 14:46,68.00,253,4,N/A,N/A,,,,
T2840,Vuori Clothing,Vital Crew | Charcoal,Charcoal / M,V245CCLMED,843084179657,,,,,12.32,49.28,oz,delivered,03/25/2021 at 14:46,68.00,227,4,N/A,N/A,,,,
T2840,Vuori Clothing,Vital Crew | Charcoal,Charcoal / S,V245CCLSML,843084179640,,,,,12.32,36.96,oz,delivered,03/25/2021 at 14:46,68.00,58,3,N/A,N/A,,,,
T2840,Vuori Clothing,Vital Crew | Charcoal,Charcoal / XL,V245CCLXLG,843084179671,,,,,12.32,24.64,oz,delivered,03/25/2021 at 14:46,68.00,126,2,N/A,N/A,,,,
T2840,Vuori Clothing,Vital Crew | Charcoal,Charcoal / XXL,V245CCLXXL,843084179688,,,,,12.32,12.32,oz,delivered,03/25/2021 at 14:46,68.00,19,1,N/A,N/A,,,,
T2840,Vuori Clothing,Vital Crew | Salt,Salt / L,V245SALLRG,843084179718,,,,,12.32,49.28,oz,delivered,03/25/2021 at 14:46,68.00,268,4,N/A,N/A,,,,
T2840,Vuori Clothing,Vital Crew | Salt,Salt / M,V245SALMED,843084179701,,,,,12.32,49.28,oz,delivered,03/25/2021 at 14:46,68.00,222,4,N/A,N/A,,,,
T2840,Vuori Clothing,Vital Crew | Salt,Salt / S,V245SALSML,843084179695,,,,,12.32,36.96,oz,delivered,03/25/2021 at 14:46,68.00,62,3,N/A,N/A,,,,
T2840,Vuori Clothing,Vital Crew | Salt,Salt / XL,V245SALXLG,843084179725,,,,,12.32,24.64,oz,delivered,03/25/2021 at 14:46,68.00,149,2,N/A,N/A,,,,
T2840,Vuori Clothing,Vital Crew | Salt,Salt / XXL,V245SALXXL,843084179732,,,,,12.32,12.32,oz,delivered,03/25/2021 at 14:46,68.00,29,1,N/A,N/A,,,,
T2840,Vuori Clothing,Vital Crew | Terracotta,Terracotta / L,V245TERLRG,843084179763,,,,,12.32,49.28,oz,delivered,03/25/2021 at 14:46,68.00,408,4,N/A,N/A,,,,
T2840,Vuori Clothing,Vital Crew | Terracotta,Terracotta / M,V245TERMED,843084179756,,,,,12.32,49.28,oz,delivered,03/25/2021 at 14:46,68.00,362,4,N/A,N/A,,,,
T2840,Vuori Clothing,Vital Crew | Terracotta,Terracotta / S,V245TERSML,843084179749,,,,,12.32,36.96,oz,delivered,03/25/2021 at 14:46,68.00,99,3,N/A,N/A,,,,
T2840,Vuori Clothing,Vital Crew | Terracotta,Terracotta / XL,V245TERXLG,843084179770,,,,,12.32,24.64,oz,delivered,03/25/2021 at 14:46,68.00,223,2,N/A,N/A,,,,
T2840,Vuori Clothing,Vital Crew | Terracotta,Terracotta / XXL,V245TERXXL,843084179787,,,,,12.32,12.32,oz,delivered,03/25/2021 at 14:46,68.00,49,1,N/A,N/A,,,,
T2840,Vuori Clothing,Kore Short | Kelp,Kelp / L,V302KELLRG,843084179947,,,,,8.8,52.8,oz,delivered,03/25/2021 at 14:46,68.00,278,6,N/A,N/A,,,,
T2840,Vuori Clothing,Kore Short | Kelp,Kelp / M,V302KELMED,843084179930,,,,,8.8,52.8,oz,delivered,03/25/2021 at 14:46,68.00,210,6,N/A,N/A,,,,
T2840,Vuori Clothing,Kore Short | Kelp,Kelp / S,V302KELSML,843084179923,,,,,8.8,35.2,oz,delivered,03/25/2021 at 14:46,68.00,232,4,N/A,N/A,,,,
T2840,Vuori Clothing,Kore Short | Kelp,Kelp / XL,V302KELXLG,843084179954,,,,,8.8,35.2,oz,delivered,03/25/2021 at 14:46,68.00,264,4,N/A,N/A,,,,
T2840,Vuori Clothing,Kore Short | Kelp,Kelp / XXL,V302KELXXL,843084179961,,,,,8.8,17.6,oz,delivered,03/25/2021 at 14:46,68.00,20,2,N/A,N/A,,,,
T2840,Vuori Clothing,Cruise Boardshort | Charcoal Kona,Charcoal Kona / 30,V314CCK030,843084180233,,,,,5.92,11.84,oz,delivered,03/25/2021 at 14:46,68.00,19,2,N/A,N/A,,,,
T2840,Vuori Clothing,Cruise Boardshort | Charcoal Kona,Charcoal Kona / 32,V314CCK032,843084180240,,,,,5.92,17.76,oz,delivered,03/25/2021 at 14:46,68.00,76,3,N/A,N/A,,,,
T2840,Vuori Clothing,Cruise Boardshort | Charcoal Kona,Charcoal Kona / 33,V314CCK033,843084180257,,,,,5.92,11.84,oz,delivered,03/25/2021 at 14:46,68.00,56,2,N/A,N/A,,,,
T2840,Vuori Clothing,Cruise Boardshort | Charcoal Kona,Charcoal Kona / 34,V314CCK034,843084180264,,,,,5.92,23.68,oz,delivered,03/25/2021 at 14:46,68.00,118,4,N/A,N/A,,,,
T2840,Vuori Clothing,Cruise Boardshort | Charcoal Kona,Charcoal Kona / 36,V314CCK036,843084180271,,,,,5.92,17.76,oz,delivered,03/25/2021 at 14:46,68.00,50,3,N/A,N/A,,,,
T2840,Vuori Clothing,Cruise Boardshort | Charcoal Kona,Charcoal Kona / 38,V314CCK038,843084180288,,,,,5.92,11.84,oz,delivered,03/25/2021 at 14:46,68.00,31,2,N/A,N/A,,,,
T2840,Vuori Clothing,Cruise Boardshort | Cognac Micro Dot,Cognac Micro Dot / 30,V314COD030,843084165964,,,,,5.92,11.84,oz,delivered,03/25/2021 at 14:47,68.00,14,2,N/A,N/A,18.15,36.30,,
T2840,Vuori Clothing,Cruise Boardshort | Cognac Micro Dot,Cognac Micro Dot / 32,V314COD032,843084165971,,,,,5.92,17.76,oz,delivered,03/25/2021 at 14:47,68.00,46,3,N/A,N/A,18.15,54.45,,
T2840,Vuori Clothing,Cruise Boardshort | Cognac Micro Dot,Cognac Micro Dot / 33,V314COD033,843084165988,,,,,5.92,11.84,oz,delivered,03/25/2021 at 14:47,68.00,75,2,N/A,N/A,18.15,36.30,,
T2840,Vuori Clothing,Cruise Boardshort | Cognac Micro Dot,Cognac Micro Dot / 34,V314COD034,843084165995,,,,,5.92,23.68,oz,delivered,03/25/2021 at 14:47,68.00,78,4,N/A,N/A,18.15,72.60,,
T2840,Vuori Clothing,Cruise Boardshort | Cognac Micro Dot,Cognac Micro Dot / 36,V314COD036,843084166008,,,,,5.92,17.76,oz,delivered,03/25/2021 at 14:47,68.00,22,3,N/A,N/A,18.15,54.45,,
T2840,Vuori Clothing,Cruise Boardshort | Cognac Micro Dot,Cognac Micro Dot / 38,V314COD038,843084166015,,,,,5.92,11.84,oz,delivered,03/25/2021 at 14:47,68.00,55,2,N/A,N/A,18.15,36.30,,
T2840,Vuori Clothing,Cruise Boardshort | Indigo Water Drop,Indigo Water Drop / 30,V314IWD030,843084166107,,,,,5.92,11.84,oz,delivered,03/25/2021 at 14:47,68.00,37,2,N/A,N/A,18.15,36.30,,
T2840,Vuori Clothing,Cruise Boardshort | Indigo Water Drop,Indigo Water Drop / 32,V314IWD032,843084166114,,,,,5.92,17.76,oz,delivered,03/25/2021 at 14:47,68.00,113,3,N/A,N/A,18.15,54.45,,
T2840,Vuori Clothing,Cruise Boardshort | Indigo Water Drop,Indigo Water Drop / 33,V314IWD033,843084166121,,,,,5.92,11.84,oz,delivered,03/25/2021 at 14:47,68.00,65,2,N/A,N/A,18.15,36.30,,
T2840,Vuori Clothing,Cruise Boardshort | Indigo Water Drop,Indigo Water Drop / 34,V314IWD034,843084166138,,,,,5.92,23.68,oz,delivered,03/25/2021 at 14:47,68.00,85,4,N/A,N/A,18.15,72.60,,
T2840,Vuori Clothing,Cruise Boardshort | Indigo Water Drop,Indigo Water Drop / 36,V314IWD036,843084166145,,,,,5.92,17.76,oz,delivered,03/25/2021 at 14:47,68.00,23,3,N/A,N/A,18.15,54.45,,
T2840,Vuori Clothing,Cruise Boardshort | Indigo Water Drop,Indigo Water Drop / 38,V314IWD038,843084166152,,,,,5.92,11.84,oz,delivered,03/25/2021 at 14:47,68.00,9,2,N/A,N/A,18.15,36.30,,
T2840,Vuori Clothing,Cruise Boardshort | Indigo Wave Stripe,Indigo Wave Stripe / 30,V314IWS030,843084166176,,,,,5.92,11.84,oz,delivered,03/25/2021 at 14:47,68.00,19,2,N/A,N/A,18.15,36.30,,
T2840,Vuori Clothing,Cruise Boardshort | Indigo Wave Stripe,Indigo Wave Stripe / 32,V314IWS032,843084166183,,,,,5.92,17.76,oz,delivered,03/25/2021 at 14:47,68.00,47,3,N/A,N/A,18.15,54.45,,
T2840,Vuori Clothing,Cruise Boardshort | Indigo Wave Stripe,Indigo Wave Stripe / 33,V314IWS033,843084166190,,,,,5.92,11.84,oz,delivered,03/25/2021 at 14:47,68.00,31,2,N/A,N/A,18.15,36.30,,
T2840,Vuori Clothing,Cruise Boardshort | Indigo Wave Stripe,Indigo Wave Stripe / 34,V314IWS034,843084166206,,,,,5.92,23.68,oz,delivered,03/25/2021 at 14:47,68.00,83,4,N/A,N/A,18.15,72.60,,
T2840,Vuori Clothing,Cruise Boardshort | Indigo Wave Stripe,Indigo Wave Stripe / 36,V314IWS036,843084166213,,,,,5.92,17.76,oz,delivered,03/25/2021 at 14:47,68.00,44,3,N/A,N/A,18.15,54.45,,
T2840,Vuori Clothing,Cruise Boardshort | Indigo Wave Stripe,Indigo Wave Stripe / 38,V314IWS038,843084166220,,,,,5.92,11.84,oz,delivered,03/25/2021 at 14:47,68.00,29,2,N/A,N/A,18.15,36.30,,
T2840,Vuori Clothing,Vital Short | Charcoal,Charcoal / L,V378CCLLRG,843084183661,,,,,10.56,42.24,oz,delivered,03/25/2021 at 14:47,64.00,389,4,N/A,N/A,,,,
T2840,Vuori Clothing,Vital Short | Charcoal,Charcoal / M,V378CCLMED,843084183654,,,,,10.56,42.24,oz,delivered,03/25/2021 at 14:47,64.00,416,4,N/A,N/A,,,,
T2840,Vuori Clothing,Vital Short | Charcoal,Charcoal / S,V378CCLSML,843084183647,,,,,10.56,31.68,oz,delivered,03/25/2021 at 14:47,64.00,133,3,N/A,N/A,,,,
T2840,Vuori Clothing,Vital Short | Charcoal,Charcoal / XL,V378CCLXLG,843084183678,,,,,10.56,21.12,oz,delivered,03/25/2021 at 14:47,64.00,147,2,N/A,N/A,,,,
T2840,Vuori Clothing,Vital Short | Charcoal,Charcoal / XXL,V378CCLXXL,843084183685,,,,,10.56,10.56,oz,delivered,03/25/2021 at 14:47,64.00,43,1,N/A,N/A,,,,
T2840,Vuori Clothing,Vital Short | Salt,Salt / L,V378SALLRG,840159712108,,,,,10.56,42.24,oz,delivered,03/25/2021 at 14:47,64.00,317,4,N/A,N/A,,,,
T2840,Vuori Clothing,Vital Short | Salt,Salt / M,V378SALMED,840159712092,,,,,10.56,42.24,oz,delivered,03/25/2021 at 14:47,64.00,351,4,N/A,N/A,,,,
T2840,Vuori Clothing,Vital Short | Salt,Salt / S,V378SALSML,840159712085,,,,,10.56,31.68,oz,delivered,03/25/2021 at 14:47,64.00,112,3,N/A,N/A,,,,
T2840,Vuori Clothing,Vital Short | Salt,Salt / XL,V378SALXLG,840159712115,,,,,10.56,21.12,oz,delivered,03/25/2021 at 14:47,64.00,123,2,N/A,N/A,,,,
T2840,Vuori Clothing,Vital Short | Salt,Salt / XXL,V378SALXXL,840159712122,,,,,10.56,10.56,oz,delivered,03/25/2021 at 14:47,64.00,36,1,N/A,N/A,,,,
T2840,Vuori Clothing,Vital Short | Terracotta,Terracotta / L,V378TERLRG,843084183722,,,,,10.56,42.24,oz,delivered,03/25/2021 at 14:47,64.00,368,4,N/A,N/A,,,,
T2840,Vuori Clothing,Vital Short | Terracotta,Terracotta / M,V378TERMED,843084183715,,,,,10.56,42.24,oz,delivered,03/25/2021 at 14:47,64.00,420,4,N/A,N/A,,,,
T2840,Vuori Clothing,Vital Short | Terracotta,Terracotta / S,V378TERSML,843084183708,,,,,10.56,31.68,oz,delivered,03/25/2021 at 14:47,64.00,153,3,N/A,N/A,,,,
T2840,Vuori Clothing,Vital Short | Terracotta,Terracotta / XL,V378TERXLG,843084183739,,,,,10.56,21.12,oz,delivered,03/25/2021 at 14:47,64.00,132,2,N/A,N/A,,,,
T2840,Vuori Clothing,Vital Short | Terracotta,Terracotta / XXL,V378TERXXL,843084183746,,,,,10.56,10.56,oz,delivered,03/25/2021 at 14:47,64.00,41,1,N/A,N/A,,,,
T2840,Vuori Clothing,Ripstop Climber Pant | Dark Oregano,Dark Oregano / L,V412DORLRG,843084184026,,,,,14.08,84.48,oz,delivered,03/25/2021 at 14:47,89.00,818,6,N/A,N/A,,,,
T2840,Vuori Clothing,Ripstop Climber Pant | Dark Oregano,Dark Oregano / M,V412DORMED,843084184019,,,,,14.08,84.48,oz,delivered,03/25/2021 at 14:47,89.00,707,6,N/A,N/A,,,,
T2840,Vuori Clothing,Ripstop Climber Pant | Dark Oregano,Dark Oregano / S,V412DORSML,843084184002,,,,,14.08,56.32,oz,delivered,03/25/2021 at 14:47,89.00,142,4,N/A,N/A,,,,
T2840,Vuori Clothing,Ripstop Climber Pant | Dark Oregano,Dark Oregano / XL,V412DORXLG,843084184033,,,,,14.08,56.32,oz,delivered,03/25/2021 at 14:47,89.00,375,4,N/A,N/A,,,,
T2840,Vuori Clothing,Ripstop Climber Pant | Dark Oregano,Dark Oregano / XXL,V412DORXXL,843084184040,,,,,14.08,28.16,oz,delivered,03/25/2021 at 14:47,89.00,82,2,N/A,N/A,,,,
T2840,Vuori Clothing,Ponto Performance Pant | Oregano Heather,Oregano Heather / L,V418HORLRG,843084184446,,,,,11.2,67.2,oz,delivered,03/25/2021 at 14:47,84.00,558,6,N/A,N/A,,,,
T2840,Vuori Clothing,Ponto Performance Pant | Oregano Heather,Oregano Heather / M,V418HORMED,843084184439,,,,,11.2,67.2,oz,delivered,03/25/2021 at 14:47,84.00,633,6,N/A,N/A,,,,
T2840,Vuori Clothing,Ponto Performance Pant | Oregano Heather,Oregano Heather / S,V418HORSML,843084184422,,,,,11.2,44.8,oz,delivered,03/25/2021 at 14:47,84.00,191,4,N/A,N/A,,,,
T2840,Vuori Clothing,Ponto Performance Pant | Oregano Heather,Oregano Heather / XL,V418HORXLG,843084184453,,,,,11.2,44.8,oz,delivered,03/25/2021 at 14:47,84.00,236,4,N/A,N/A,,,,
T2840,Vuori Clothing,Ponto Performance Pant | Oregano Heather,Oregano Heather / XXL,V418HORXXL,843084184460,,,,,11.2,22.4,oz,delivered,03/25/2021 at 14:47,84.00,8,2,N/A,N/A,,,,
T2840,Vuori Clothing,Ponto Performance Pant | Platinum Heather,Platinum Heather / L,V418HPTLRG,843084184507,,,,,11.2,67.2,oz,delivered,03/25/2021 at 14:47,84.00,446,6,N/A,N/A,,,,
T2840,Vuori Clothing,Ponto Performance Pant | Platinum Heather,Platinum Heather / M,V418HPTMED,843084184491,,,,,11.2,67.2,oz,delivered,03/25/2021 at 14:47,84.00,399,6,N/A,N/A,,,,
T2840,Vuori Clothing,Ponto Performance Pant | Platinum Heather,Platinum Heather / S,V418HPTSML,843084184484,,,,,11.2,44.8,oz,delivered,03/25/2021 at 14:47,84.00,138,4,N/A,N/A,,,,
T2840,Vuori Clothing,Ponto Performance Pant | Platinum Heather,Platinum Heather / XL,V418HPTXLG,843084184514,,,,,11.2,44.8,oz,delivered,03/25/2021 at 14:47,84.00,201,4,N/A,N/A,,,,
T2840,Vuori Clothing,Ponto Performance Pant | Platinum Heather,Platinum Heather / XXL,V418HPTXXL,843084184521,,,,,11.2,22.4,oz,delivered,03/25/2021 at 14:47,84.00,24,2,N/A,N/A,,,,
T2840,Vuori Clothing,Collins Chino Pant | Tobacco,Tobacco / 30,V433TOB030,843084184811,,,,,15.2,30.4,oz,delivered,03/25/2021 at 14:47,89.00,110,2,N/A,N/A,,,,
T2840,Vuori Clothing,Collins Chino Pant | Tobacco,Tobacco / 32,V433TOB032,843084184828,,,,,15.2,45.6,oz,delivered,03/25/2021 at 14:47,89.00,237,3,N/A,N/A,,,,
T2840,Vuori Clothing,Collins Chino Pant | Tobacco,Tobacco / 33,V433TOB033,843084184835,,,,,15.2,30.4,oz,delivered,03/25/2021 at 14:47,89.00,179,2,N/A,N/A,,,,
T2840,Vuori Clothing,Collins Chino Pant | Tobacco,Tobacco / 34,V433TOB034,843084184842,,,,,15.2,45.6,oz,delivered,03/25/2021 at 14:47,89.00,196,3,N/A,N/A,,,,
T2840,Vuori Clothing,Collins Chino Pant | Tobacco,Tobacco / 36,V433TOB036,843084184859,,,,,15.2,45.6,oz,delivered,03/25/2021 at 14:47,89.00,113,3,N/A,N/A,,,,
T2840,Vuori Clothing,Collins Chino Pant | Tobacco,Tobacco / 38,V433TOB038,843084184866,,,,,15.2,30.4,oz,delivered,03/25/2021 at 14:47,89.00,39,2,N/A,N/A,,,,
T2840,Vuori Clothing,Ripstop Jacket | Tobacco,Tobacco / L,V527TOBLRG,843084185610,,,,,15.84,47.52,oz,delivered,03/25/2021 at 14:47,89.00,275,3,N/A,N/A,,,,
T2840,Vuori Clothing,Ripstop Jacket | Tobacco,Tobacco / M,V527TOBMED,843084185603,,,,,15.84,47.52,oz,delivered,03/25/2021 at 14:47,89.00,267,3,N/A,N/A,,,,
T2840,Vuori Clothing,Ripstop Jacket | Tobacco,Tobacco / S,V527TOBSML,843084185597,,,,,15.84,31.68,oz,delivered,03/25/2021 at 14:47,89.00,67,2,N/A,N/A,,,,
T2840,Vuori Clothing,Ripstop Jacket | Tobacco,Tobacco / XL,V527TOBXLG,843084185627,,,,,15.84,31.68,oz,delivered,03/25/2021 at 14:47,89.00,164,2,N/A,N/A,,,,
T2840,Vuori Clothing,Ripstop Jacket | Tobacco,Tobacco / XXL,V527TOBXXL,843084185634,,,,,15.84,15.84,oz,delivered,03/25/2021 at 14:47,89.00,18,1,N/A,N/A,,,,
T2840,Vuori Clothing,The Standard Hat | Heather Grey,Heather Grey / ONS,V818HTGONS,843084100125,"","","",,3.52,14.08,oz,delivered,03/25/2021 at 14:47,32.00,54,4,N/A,N/A,7.48,29.92,,
T2840,Vuori Clothing,V1 Vuori Wordmark Hat | Black Heather,Black Heather / ONS,V826HBKONS,843084100156,,,,,3.52,35.2,oz,delivered,03/25/2021 at 14:47,32.00,513,10,N/A,N/A,7.11,71.10,,
T2840,Vuori Clothing,V1 Vuori Wordmark Hat | Navy Heather,Navy Heather / ONS,V826HNVONS,843084100163,,,,,3.52,35.2,oz,delivered,03/25/2021 at 14:47,32.00,481,10,N/A,N/A,7.11,71.10,,
T2840,Vuori Clothing,Camp Cup Mizu Collab | Stainless Steel,Stainless Steel / ONS,V883SSSONS,843084126033,"","","",,6.2,124.0,oz,delivered,03/25/2021 at 14:47,17.95,50,20,N/A,N/A,6.55,131.00,,
T2840,Vuori Clothing,S6 Water Bottle Mizu Collab (Mountain Line) | Black,Black / ONS,V884BLKONS,843084171576,,,,,12.5,187.5,oz,delivered,03/25/2021 at 14:47,28.95,62,15,N/A,N/A,,,,
T2840,Vuori Clothing,S6 Water Bottle Mizu Collab (Mountain Line) | White,White / ONS,V884WHTONS,843084171583,,,,,12.5,187.5,oz,delivered,03/25/2021 at 14:47,28.95,127,15,N/A,N/A,,,,
T2840,Vuori Clothing,Ridge Reflection Tee | Charcoal,Charcoal / L,V965CCLLRG,840159712917,,,,,5.6,22.4,oz,delivered,03/25/2021 at 14:47,32.00,175,4,N/A,N/A,,,,
T2840,Vuori Clothing,Ridge Reflection Tee | Charcoal,Charcoal / M,V965CCLMED,840159712900,,,,,5.6,22.4,oz,delivered,03/25/2021 at 14:47,32.00,106,4,N/A,N/A,,,,
T2840,Vuori Clothing,Ridge Reflection Tee | Charcoal,Charcoal / S,V965CCLSML,840159712894,,,,,5.6,11.2,oz,delivered,03/25/2021 at 14:47,32.00,8,2,N/A,N/A,,,,
T2840,Vuori Clothing,Ridge Reflection Tee | Charcoal,Charcoal / XL,V965CCLXLG,840159712924,,,,,5.6,11.2,oz,delivered,03/25/2021 at 14:47,32.00,127,2,N/A,N/A,,,,
T2840,Vuori Clothing,Ridge Reflection Tee | Charcoal,Charcoal / XXL,V965CCLXXL,840159712931,,,,,5.6,5.6,oz,delivered,03/25/2021 at 14:47,32.00,5,1,N/A,N/A,,,,
T2840,Vuori Clothing,Ridge Reflection Tee | Indigo Heather,Indigo Heather / L,V965HTILRG,840159712962,,,,,5.6,22.4,oz,delivered,03/25/2021 at 14:47,32.00,208,4,N/A,N/A,,,,
T2840,Vuori Clothing,Ridge Reflection Tee | Indigo Heather,Indigo Heather / M,V965HTIMED,840159712955,,,,,5.6,22.4,oz,delivered,03/25/2021 at 14:47,32.00,107,4,N/A,N/A,,,,
T2840,Vuori Clothing,Ridge Reflection Tee | Indigo Heather,Indigo Heather / S,V965HTISML,840159712948,,,,,5.6,11.2,oz,delivered,03/25/2021 at 14:47,32.00,18,2,N/A,N/A,,,,
T2840,Vuori Clothing,Ridge Reflection Tee | Indigo Heather,Indigo Heather / XL,V965HTIXLG,840159712979,,,,,5.6,11.2,oz,delivered,03/25/2021 at 14:47,32.00,150,2,N/A,N/A,,,,
T2840,Vuori Clothing,Ridge Reflection Tee | Indigo Heather,Indigo Heather / XXL,V965HTIXXL,840159712986,,,,,5.6,5.6,oz,delivered,03/25/2021 at 14:47,32.00,7,1,N/A,N/A,,,,
T2840,Vuori Clothing,Yosemite Bra | Ocean Shibori,Ocean Shibori / L,VW104OSHLRG,843084186075,,,,,2.4,4.8,oz,delivered,03/25/2021 at 14:47,48.00,212,2,N/A,N/A,,,,
T2840,Vuori Clothing,Yosemite Bra | Ocean Shibori,Ocean Shibori / M,VW104OSHMED,843084186068,,,,,2.4,7.2,oz,delivered,03/25/2021 at 14:47,48.00,418,3,N/A,N/A,,,,
T2840,Vuori Clothing,Yosemite Bra | Ocean Shibori,Ocean Shibori / S,VW104OSHSML,843084186051,,,,,2.4,9.6,oz,delivered,03/25/2021 at 14:47,48.00,369,4,N/A,N/A,,,,
T2840,Vuori Clothing,Yosemite Bra | Ocean Shibori,Ocean Shibori / XL,VW104OSHXLG,843084186082,,,,,2.4,2.4,oz,delivered,03/25/2021 at 14:47,48.00,92,1,N/A,N/A,,,,
T2840,Vuori Clothing,Yosemite Bra | Ocean Shibori,Ocean Shibori / XS,VW104OSHXSM,843084186044,,,,,2.4,9.6,oz,delivered,03/25/2021 at 14:47,48.00,104,4,N/A,N/A,,,,
T2840,Vuori Clothing,Yosemite Bra | Sierra,Sierra / L,VW104SIELRG,843084186129,,,,,2.4,4.8,oz,delivered,03/25/2021 at 14:47,48.00,212,2,N/A,N/A,,,,
T2840,Vuori Clothing,Yosemite Bra | Sierra,Sierra / M,VW104SIEMED,843084186112,,,,,2.4,7.2,oz,delivered,03/25/2021 at 14:47,48.00,203,3,N/A,N/A,,,,
T2840,Vuori Clothing,Yosemite Bra | Sierra,Sierra / S,VW104SIESML,843084186105,,,,,2.4,9.6,oz,delivered,03/25/2021 at 14:47,48.00,155,4,N/A,N/A,,,,
T2840,Vuori Clothing,Yosemite Bra | Sierra,Sierra / XL,VW104SIEXLG,843084186136,,,,,2.4,2.4,oz,delivered,03/25/2021 at 14:47,48.00,86,1,N/A,N/A,,,,
T2840,Vuori Clothing,Yosemite Bra | Sierra,Sierra / XS,VW104SIEXSM,843084186099,,,,,2.4,9.6,oz,delivered,03/25/2021 at 14:47,48.00,45,4,N/A,N/A,,,,
T2840,Vuori Clothing,Lux Performance Tank | Sierra Heather,Sierra Heather / L,VW108HISLRG,843084186228,,,,,3.2,6.4,oz,delivered,03/25/2021 at 14:47,44.00,254,2,N/A,N/A,,,,
T2840,Vuori Clothing,Lux Performance Tank | Sierra Heather,Sierra Heather / M,VW108HISMED,843084186211,,,,,3.2,9.6,oz,delivered,03/25/2021 at 14:47,44.00,592,3,N/A,N/A,,,,
T2840,Vuori Clothing,Lux Performance Tank | Sierra Heather,Sierra Heather / S,VW108HISSML,843084186204,,,,,3.2,12.8,oz,delivered,03/25/2021 at 14:47,44.00,596,4,N/A,N/A,,,,
T2840,Vuori Clothing,Lux Performance Tank | Sierra Heather,Sierra Heather / XL,VW108HISXLG,843084186235,,,,,3.2,3.2,oz,delivered,03/25/2021 at 14:47,44.00,57,1,N/A,N/A,,,,
T2840,Vuori Clothing,Lux Performance Tank | Sierra Heather,Sierra Heather / XS,VW108HISXSM,843084186198,,,,,3.2,12.8,oz,delivered,03/25/2021 at 14:47,44.00,192,4,N/A,N/A,,,,
T2840,Vuori Clothing,Lux Performance Tank | Platinum Heather,Platinum Heather / L,VW108HPTLRG,843084186327,,,,,3.2,6.4,oz,delivered,03/25/2021 at 14:47,44.00,274,2,N/A,N/A,,,,
T2840,Vuori Clothing,Lux Performance Tank | Platinum Heather,Platinum Heather / M,VW108HPTMED,843084186310,,,,,3.2,9.6,oz,delivered,03/25/2021 at 14:47,44.00,702,3,N/A,N/A,,,,
T2840,Vuori Clothing,Lux Performance Tank | Platinum Heather,Platinum Heather / S,VW108HPTSML,843084186303,,,,,3.2,12.8,oz,delivered,03/25/2021 at 14:47,44.00,692,4,N/A,N/A,,,,
T2840,Vuori Clothing,Lux Performance Tank | Platinum Heather,Platinum Heather / XL,VW108HPTXLG,843084186334,,,,,3.2,3.2,oz,delivered,03/25/2021 at 14:47,44.00,64,1,N/A,N/A,,,,
T2840,Vuori Clothing,Lux Performance Tank | Platinum Heather,Platinum Heather / XS,VW108HPTXSM,843084186297,,,,,3.2,12.8,oz,delivered,03/25/2021 at 14:47,44.00,241,4,N/A,N/A,,,,
T2840,Vuori Clothing,Daydream Crew | Ink Heather,Ink Heather / L,VW133HINLRG,843084131556,"","","",,4.16,8.32,oz,delivered,03/25/2021 at 14:47,58.00,191,2,N/A,N/A,10.45,20.90,,
T2840,Vuori Clothing,Daydream Crew | Ink Heather,Ink Heather / M,VW133HINMED,843084131549,"","","",,4.16,12.48,oz,delivered,03/25/2021 at 14:47,58.00,384,3,N/A,N/A,10.45,31.35,,
T2840,Vuori Clothing,Daydream Crew | Ink Heather,Ink Heather / S,VW133HINSML,843084131532,"","","",,4.16,16.64,oz,delivered,03/25/2021 at 14:47,58.00,298,4,N/A,N/A,10.45,41.80,,
T2840,Vuori Clothing,Daydream Crew | Ink Heather,Ink Heather / XL,VW133HINXLG,843084131563,"","","",,4.16,4.16,oz,delivered,03/25/2021 at 14:47,58.00,95,1,N/A,N/A,10.45,10.45,,
T2840,Vuori Clothing,Daydream Crew | Ink Heather,Ink Heather / XS,VW133HINXSM,843084131525,"","","",,4.16,16.64,oz,delivered,03/25/2021 at 14:47,58.00,71,4,N/A,N/A,10.45,41.80,,
T2840,Vuori Clothing,Long-Sleeve Mudra Tee | White Heather,White Heather / L,VW164HTWLRG,843084158195,,,,,11.2,22.4,oz,delivered,03/25/2021 at 14:47,78.00,26,2,N/A,N/A,,,,
T2840,Vuori Clothing,Long-Sleeve Mudra Tee | White Heather,White Heather / M,VW164HTWMED,843084158188,,,,,11.2,33.6,oz,delivered,03/25/2021 at 14:47,78.00,128,3,N/A,N/A,,,,
T2840,Vuori Clothing,Long-Sleeve Mudra Tee | White Heather,White Heather / S,VW164HTWSML,843084158171,,,,,11.2,33.6,oz,delivered,03/25/2021 at 14:47,78.00,135,3,N/A,N/A,,,,
T2840,Vuori Clothing,Long-Sleeve Mudra Tee | White Heather,White Heather / XL,VW164HTWXLG,843084158201,,,,,11.2,11.2,oz,delivered,03/25/2021 at 14:47,78.00,9,1,N/A,N/A,,,,
T2840,Vuori Clothing,Long-Sleeve Mudra Tee | White Heather,White Heather / XS,VW164HTWXSM,843084158164,,,,,11.2,33.6,oz,delivered,03/25/2021 at 14:47,78.00,30,3,N/A,N/A,,,,
T2840,Vuori Clothing,Long-Sleeve Mudra Tee | Medium Heather Grey,Medium Heather Grey / L,VW164MHGLRG,843084158249,,,,,11.2,22.4,oz,delivered,03/25/2021 at 14:47,78.00,56,2,N/A,N/A,,,,
T2840,Vuori Clothing,Long-Sleeve Mudra Tee | Medium Heather Grey,Medium Heather Grey / M,VW164MHGMED,843084158232,,,,,11.2,33.6,oz,delivered,03/25/2021 at 14:47,78.00,182,3,N/A,N/A,,,,
T2840,Vuori Clothing,Long-Sleeve Mudra Tee | Medium Heather Grey,Medium Heather Grey / S,VW164MHGSML,843084158225,,,,,11.2,33.6,oz,delivered,03/25/2021 at 14:47,78.00,232,3,N/A,N/A,,,,
T2840,Vuori Clothing,Long-Sleeve Mudra Tee | Medium Heather Grey,Medium Heather Grey / XL,VW164MHGXLG,843084158256,,,,,11.2,11.2,oz,delivered,03/25/2021 at 14:47,78.00,16,1,N/A,N/A,,,,
T2840,Vuori Clothing,Long-Sleeve Mudra Tee | Medium Heather Grey,Medium Heather Grey / XS,VW164MHGXSM,843084158218,,,,,11.2,33.6,oz,delivered,03/25/2021 at 14:47,78.00,85,3,N/A,N/A,,,,
T2840,Vuori Clothing,Rib Crop Tank | Black,Black / L,VW189BLKLRG,843084187928,,,,,3.52,7.04,oz,delivered,03/25/2021 at 14:47,58.00,169,2,N/A,N/A,,,,
T2840,Vuori Clothing,Rib Crop Tank | Black,Black / M,VW189BLKMED,843084187911,,,,,3.52,10.56,oz,delivered,03/25/2021 at 14:47,58.00,240,3,N/A,N/A,,,,
T2840,Vuori Clothing,Rib Crop Tank | Black,Black / S,VW189BLKSML,843084187904,,,,,3.52,10.56,oz,delivered,03/25/2021 at 14:47,58.00,135,3,N/A,N/A,,,,
T2840,Vuori Clothing,Rib Crop Tank | Black,Black / XL,VW189BLKXLG,843084187935,,,,,3.52,3.52,oz,delivered,03/25/2021 at 14:47,58.00,52,1,N/A,N/A,,,,
T2840,Vuori Clothing,Rib Crop Tank | Black,Black / XS,VW189BLKXSM,843084187898,,,,,3.52,10.56,oz,delivered,03/25/2021 at 14:47,58.00,19,3,N/A,N/A,,,,
T2840,Vuori Clothing,Rib Crop Tank | Oregano,Oregano / L,VW189ORELRG,843084187973,,,,,3.52,7.04,oz,delivered,03/25/2021 at 14:48,58.00,161,2,N/A,N/A,,,,
T2840,Vuori Clothing,Rib Crop Tank | Oregano,Oregano / M,VW189OREMED,843084187966,,,,,3.52,10.56,oz,delivered,03/25/2021 at 14:48,58.00,279,3,N/A,N/A,,,,
T2840,Vuori Clothing,Rib Crop Tank | Oregano,Oregano / S,VW189ORESML,843084187959,,,,,3.52,10.56,oz,delivered,03/25/2021 at 14:48,58.00,207,3,N/A,N/A,,,,
T2840,Vuori Clothing,Rib Crop Tank | Oregano,Oregano / XL,VW189OREXLG,843084187980,,,,,3.52,3.52,oz,delivered,03/25/2021 at 14:48,58.00,63,1,N/A,N/A,,,,
T2840,Vuori Clothing,Rib Crop Tank | Oregano,Oregano / XS,VW189OREXSM,843084187942,,,,,3.52,10.56,oz,delivered,03/25/2021 at 14:48,58.00,25,3,N/A,N/A,,,,
T2840,Vuori Clothing,Crescent Half Zip | Sierra Heather,Sierra Heather / L,VW220HISLRG,843084188628,,,,,6.88,13.76,oz,delivered,03/25/2021 at 14:48,68.00,15,2,N/A,N/A,,,,
T2840,Vuori Clothing,Crescent Half Zip | Sierra Heather,Sierra Heather / M,VW220HISMED,843084188611,,,,,6.88,20.64,oz,delivered,03/25/2021 at 14:48,68.00,12,3,N/A,N/A,,,,
T2840,Vuori Clothing,Crescent Half Zip | Sierra Heather,Sierra Heather / S,VW220HISSML,843084188604,,,,,6.88,20.64,oz,delivered,03/25/2021 at 14:48,68.00,14,3,N/A,N/A,,,,
T2840,Vuori Clothing,Crescent Half Zip | Sierra Heather,Sierra Heather / XL,VW220HISXLG,843084188635,,,,,6.88,6.88,oz,delivered,03/25/2021 at 14:48,68.00,4,1,N/A,N/A,,,,
T2840,Vuori Clothing,Crescent Half Zip | Sierra Heather,Sierra Heather / XS,VW220HISXSM,843084188598,,,,,6.88,20.64,oz,delivered,03/25/2021 at 14:48,68.00,10,3,N/A,N/A,,,,
T2840,Vuori Clothing,Halo Essential Hoodie | Sierra Heather,Sierra Heather / L,VW226HISLRG,840159733998,,,,,8.96,35.84,oz,delivered,03/25/2021 at 14:48,84.00,266,4,N/A,N/A,,,,
T2840,Vuori Clothing,Halo Essential Hoodie | Sierra Heather,Sierra Heather / M,VW226HISMED,840159733981,,,,,8.96,53.76,oz,delivered,03/25/2021 at 14:48,84.00,525,6,N/A,N/A,,,,
T2840,Vuori Clothing,Halo Essential Hoodie | Sierra Heather,Sierra Heather / S,VW226HISSML,840159733974,,,,,8.96,53.76,oz,delivered,03/25/2021 at 14:48,84.00,422,6,N/A,N/A,,,,
T2840,Vuori Clothing,Halo Essential Hoodie | Sierra Heather,Sierra Heather / XL,VW226HISXLG,840159734001,,,,,8.96,17.92,oz,delivered,03/25/2021 at 14:48,84.00,213,2,N/A,N/A,,,,
T2840,Vuori Clothing,Halo Essential Hoodie | Sierra Heather,Sierra Heather / XS,VW226HISXSM,840159733967,,,,,8.96,35.84,oz,delivered,03/25/2021 at 14:48,84.00,203,4,N/A,N/A,,,,
T2840,Vuori Clothing,Halo Essential Hoodie | Pale Heather Camo,Pale Heather Camo / L,VW226PHCLRG,843084188772,,,,,8.96,35.84,oz,delivered,03/25/2021 at 14:48,84.00,422,4,N/A,N/A,,,,
T2840,Vuori Clothing,Halo Essential Hoodie | Pale Heather Camo,Pale Heather Camo / M,VW226PHCMED,843084188765,,,,,8.96,53.76,oz,delivered,03/25/2021 at 14:48,84.00,905,6,N/A,N/A,,,,
T2840,Vuori Clothing,Halo Essential Hoodie | Pale Heather Camo,Pale Heather Camo / S,VW226PHCSML,843084188758,,,,,8.96,53.76,oz,delivered,03/25/2021 at 14:48,84.00,714,6,N/A,N/A,,,,
T2840,Vuori Clothing,Halo Essential Hoodie | Pale Heather Camo,Pale Heather Camo / XL,VW226PHCXLG,843084188789,,,,,8.96,17.92,oz,delivered,03/25/2021 at 14:48,84.00,292,2,N/A,N/A,,,,
T2840,Vuori Clothing,Halo Essential Hoodie | Pale Heather Camo,Pale Heather Camo / XS,VW226PHCXSM,843084188741,,,,,8.96,35.84,oz,delivered,03/25/2021 at 14:48,84.00,359,4,N/A,N/A,,,,
T2840,Vuori Clothing,Performance Jogger | Sierra Heather,Sierra Heather / L,VW303HISLRG,843084189526,,,,,8.32,33.28,oz,delivered,03/25/2021 at 14:48,84.00,931,4,N/A,N/A,,,,
T2840,Vuori Clothing,Performance Jogger | Sierra Heather,Sierra Heather / M,VW303HISMED,843084189519,,,,,8.32,66.56,oz,delivered,03/25/2021 at 14:48,84.00,1874,8,N/A,N/A,,,,
T2840,Vuori Clothing,Performance Jogger | Sierra Heather,Sierra Heather / S,VW303HISSML,843084189502,,,,,8.32,66.56,oz,delivered,03/25/2021 at 14:48,84.00,1666,8,N/A,N/A,,,,
T2840,Vuori Clothing,Performance Jogger | Sierra Heather,Sierra Heather / XL,VW303HISXLG,843084189533,,,,,8.32,16.64,oz,delivered,03/25/2021 at 14:48,84.00,348,2,N/A,N/A,,,,
T2840,Vuori Clothing,Performance Jogger | Sierra Heather,Sierra Heather / XS,VW303HISXSM,843084189496,,,,,8.32,49.92,oz,delivered,03/25/2021 at 14:48,84.00,598,6,N/A,N/A,,,,
T2840,Vuori Clothing,Daily Legging | Ocean Shibori,Ocean Shibori / L,VW323OSHLRG,843084189977,,,,,5.6,22.4,oz,delivered,03/25/2021 at 14:48,84.00,366,4,N/A,N/A,,,,
T2840,Vuori Clothing,Daily Legging | Ocean Shibori,Ocean Shibori / M,VW323OSHMED,843084189960,,,,,5.6,33.6,oz,delivered,03/25/2021 at 14:48,84.00,628,6,N/A,N/A,,,,
T2840,Vuori Clothing,Daily Legging | Ocean Shibori,Ocean Shibori / S,VW323OSHSML,843084189953,,,,,5.6,33.6,oz,delivered,03/25/2021 at 14:48,84.00,856,6,N/A,N/A,,,,
T2840,Vuori Clothing,Daily Legging | Ocean Shibori,Ocean Shibori / XL,VW323OSHXLG,843084189984,,,,,5.6,11.2,oz,delivered,03/25/2021 at 14:48,84.00,85,2,N/A,N/A,,,,
T2840,Vuori Clothing,Daily Legging | Ocean Shibori,Ocean Shibori / XS,VW323OSHXSM,843084189946,,,,,5.6,22.4,oz,delivered,03/25/2021 at 14:48,84.00,427,4,N/A,N/A,,,,
T2840,Vuori Clothing,Daily Legging | Sierra,Sierra / L,VW323SIELRG,843084190027,,,,,5.6,22.4,oz,delivered,03/25/2021 at 14:48,84.00,747,4,N/A,N/A,,,,
T2840,Vuori Clothing,Daily Legging | Sierra,Sierra / M,VW323SIEMED,843084190010,,,,,5.6,33.6,oz,delivered,03/25/2021 at 14:48,84.00,1407,6,N/A,N/A,,,,
T2840,Vuori Clothing,Daily Legging | Sierra,Sierra / S,VW323SIESML,843084190003,,,,,5.6,33.6,oz,delivered,03/25/2021 at 14:48,84.00,1541,6,N/A,N/A,,,,
T2840,Vuori Clothing,Daily Legging | Sierra,Sierra / XL,VW323SIEXLG,843084190034,,,,,5.6,11.2,oz,delivered,03/25/2021 at 14:48,84.00,205,2,N/A,N/A,,,,
T2840,Vuori Clothing,Daily Legging | Sierra,Sierra / XS,VW323SIEXSM,843084189991,,,,,5.6,22.4,oz,delivered,03/25/2021 at 14:48,84.00,660,4,N/A,N/A,,,,
T2840,Vuori Clothing,Halo Performance Short | Kelp Heather,Kelp Heather / L,VW339HKELRG,843084190324,,,,,5.28,15.84,oz,delivered,03/25/2021 at 14:48,56.00,18,3,N/A,N/A,,,,
T2840,Vuori Clothing,Halo Performance Short | Kelp Heather,Kelp Heather / M,VW339HKEMED,843084190317,,,,,5.28,21.12,oz,delivered,03/25/2021 at 14:48,56.00,15,4,N/A,N/A,,,,
T2840,Vuori Clothing,Halo Performance Short | Kelp Heather,Kelp Heather / S,VW339HKESML,843084190300,,,,,5.28,21.12,oz,delivered,03/25/2021 at 14:48,56.00,16,4,N/A,N/A,,,,
T2840,Vuori Clothing,Halo Performance Short | Kelp Heather,Kelp Heather / XL,VW339HKEXLG,843084190331,,,,,5.28,10.56,oz,delivered,03/25/2021 at 14:48,56.00,5,2,N/A,N/A,,,,
T2840,Vuori Clothing,Halo Performance Short | Kelp Heather,Kelp Heather / XS,VW339HKEXSM,843084190294,,,,,5.28,15.84,oz,delivered,03/25/2021 at 14:48,56.00,11,3,N/A,N/A,,,,
T2840,Vuori Clothing,Halo Performance Short | Pale Grey Heather,Pale Grey Heather / L,VW339PHGLRG,843084190379,,,,,5.28,21.12,oz,delivered,03/25/2021 at 14:48,56.00,119,4,N/A,N/A,,,,
T2840,Vuori Clothing,Halo Performance Short | Pale Grey Heather,Pale Grey Heather / M,VW339PHGMED,843084190362,,,,,5.28,31.68,oz,delivered,03/25/2021 at 14:48,56.00,145,6,N/A,N/A,,,,
T2840,Vuori Clothing,Halo Performance Short | Pale Grey Heather,Pale Grey Heather / S,VW339PHGSML,843084190355,,,,,5.28,31.68,oz,delivered,03/25/2021 at 14:48,56.00,125,6,N/A,N/A,,,,
T2840,Vuori Clothing,Halo Performance Short | Pale Grey Heather,Pale Grey Heather / XL,VW339PHGXLG,843084190386,,,,,5.28,10.56,oz,delivered,03/25/2021 at 14:48,56.00,20,2,N/A,N/A,,,,
T2840,Vuori Clothing,Halo Performance Short | Pale Grey Heather,Pale Grey Heather / XS,VW339PHGXSM,843084190348,,,,,5.28,21.12,oz,delivered,03/25/2021 at 14:48,56.00,12,4,N/A,N/A,,,,
T2840,Vuori Clothing,Womens Ripstop Short | Army,Army / L,VW364ARMLRG,843084151172,"","","",,8.48,16.96,oz,delivered,03/25/2021 at 14:48,58.00,325,2,N/A,N/A,14.70,29.40,,
T2840,Vuori Clothing,Womens Ripstop Short | Army,Army / M,VW364ARMMED,843084151165,"","","",,8.48,25.44,oz,delivered,03/25/2021 at 14:48,58.00,576,3,N/A,N/A,14.70,44.10,,
T2840,Vuori Clothing,Womens Ripstop Short | Army,Army / S,VW364ARMSML,843084151158,"","","",,8.48,25.44,oz,delivered,03/25/2021 at 14:48,58.00,1122,3,N/A,N/A,14.70,44.10,,
T2840,Vuori Clothing,Womens Ripstop Short | Army,Army / XL,VW364ARMXLG,843084151189,"","","",,8.48,8.48,oz,delivered,03/25/2021 at 14:48,58.00,69,1,N/A,N/A,14.70,14.70,,
T2840,Vuori Clothing,Womens Ripstop Short | Army,Army / XS,VW364ARMXSM,843084151141,"","","",,8.48,25.44,oz,delivered,03/25/2021 at 14:48,58.00,515,3,N/A,N/A,14.70,44.10,,
T2840,Vuori Clothing,Womens Ripstop Short | Charcoal,Charcoal / L,VW364CCLLRG,843084151271,"","","",,8.48,16.96,oz,delivered,03/25/2021 at 14:48,58.00,306,2,N/A,N/A,14.70,29.40,,
T2840,Vuori Clothing,Womens Ripstop Short | Charcoal,Charcoal / M,VW364CCLMED,843084151264,"","","",,8.48,25.44,oz,delivered,03/25/2021 at 14:48,58.00,558,3,N/A,N/A,14.70,44.10,,
T2840,Vuori Clothing,Womens Ripstop Short | Charcoal,Charcoal / S,VW364CCLSML,843084151257,"","","",,8.48,25.44,oz,delivered,03/25/2021 at 14:48,58.00,922,3,N/A,N/A,14.70,44.10,,
T2840,Vuori Clothing,Womens Ripstop Short | Charcoal,Charcoal / XL,VW364CCLXLG,843084151288,"","","",,8.48,8.48,oz,delivered,03/25/2021 at 14:48,58.00,105,1,N/A,N/A,14.70,14.70,,
T2840,Vuori Clothing,Womens Ripstop Short | Charcoal,Charcoal / XS,VW364CCLXSM,843084151240,"","","",,8.48,25.44,oz,delivered,03/25/2021 at 14:48,58.00,428,3,N/A,N/A,14.70,44.10,,
T2840,Vuori Clothing,Womens Ripstop Short | Hazel,Hazel / L,VW364HZLLRG,843084190720,,,,,8.48,16.96,oz,delivered,03/25/2021 at 14:48,58.00,62,2,N/A,N/A,,,,
T2840,Vuori Clothing,Womens Ripstop Short | Hazel,Hazel / M,VW364HZLMED,843084190713,,,,,8.48,25.44,oz,delivered,03/25/2021 at 14:48,58.00,48,3,N/A,N/A,,,,
T2840,Vuori Clothing,Womens Ripstop Short | Hazel,Hazel / S,VW364HZLSML,843084190706,,,,,8.48,25.44,oz,delivered,03/25/2021 at 14:48,58.00,33,3,N/A,N/A,,,,
T2840,Vuori Clothing,Womens Ripstop Short | Hazel,Hazel / XL,VW364HZLXLG,843084190737,,,,,8.48,8.48,oz,delivered,03/25/2021 at 14:48,58.00,35,1,N/A,N/A,,,,
T2840,Vuori Clothing,Womens Ripstop Short | Hazel,Hazel / XS,VW364HZLXSM,843084190690,,,,,8.48,25.44,oz,delivered,03/25/2021 at 14:48,58.00,24,3,N/A,N/A,,,,
T2840,Vuori Clothing,Dash Short | Black,Black / L,VW367BLKLRG,843084161294,,,,,4.96,9.92,oz,delivered,03/25/2021 at 14:48,58.00,362,2,N/A,N/A,11.45,22.90,,
T2840,Vuori Clothing,Dash Short | Black,Black / M,VW367BLKMED,843084161287,,,,,4.96,19.84,oz,delivered,03/25/2021 at 14:48,58.00,686,4,N/A,N/A,11.45,45.80,,
T2840,Vuori Clothing,Dash Short | Black,Black / S,VW367BLKSML,843084161270,,,,,4.96,19.84,oz,delivered,03/25/2021 at 14:48,58.00,804,4,N/A,N/A,11.45,45.80,,
T2840,Vuori Clothing,Dash Short | Black,Black / XL,VW367BLKXLG,843084161300,,,,,4.96,4.96,oz,delivered,03/25/2021 at 14:48,58.00,134,1,N/A,N/A,11.45,11.45,,
T2840,Vuori Clothing,Dash Short | Black,Black / XS,VW367BLKXSM,843084161263,,,,,4.96,14.88,oz,delivered,03/25/2021 at 14:48,58.00,340,3,N/A,N/A,11.45,34.35,,
T2840,Vuori Clothing,Dash Short | Ink Splatter,Ink Splatter / L,VW367ISPLRG,843084161348,,,,,4.96,9.92,oz,delivered,03/25/2021 at 14:48,58.00,190,2,N/A,N/A,11.45,22.90,,
T2840,Vuori Clothing,Dash Short | Ink Splatter,Ink Splatter / M,VW367ISPMED,843084161331,,,,,4.96,19.84,oz,delivered,03/25/2021 at 14:48,58.00,325,4,N/A,N/A,11.45,45.80,,
T2840,Vuori Clothing,Dash Short | Ink Splatter,Ink Splatter / S,VW367ISPSML,843084161324,,,,,4.96,19.84,oz,delivered,03/25/2021 at 14:48,58.00,405,4,N/A,N/A,11.45,45.80,,
T2840,Vuori Clothing,Dash Short | Ink Splatter,Ink Splatter / XL,VW367ISPXLG,843084161355,,,,,4.96,4.96,oz,delivered,03/25/2021 at 14:48,58.00,60,1,N/A,N/A,11.45,11.45,,
T2840,Vuori Clothing,Dash Short | Ink Splatter,Ink Splatter / XS,VW367ISPXSM,843084161317,,,,,4.96,14.88,oz,delivered,03/25/2021 at 14:48,58.00,169,3,N/A,N/A,11.45,34.35,,
T2840,Vuori Clothing,Jtree Pocket Tee | Mauve,Mauve / L,VW966MVELRG,840159713570,,,,,2.4,4.8,oz,delivered,03/25/2021 at 14:48,36.00,25,2,N/A,N/A,,,,
T2840,Vuori Clothing,Jtree Pocket Tee | Mauve,Mauve / M,VW966MVEMED,840159713563,,,,,2.4,7.2,oz,delivered,03/25/2021 at 14:48,36.00,132,3,N/A,N/A,,,,
T2840,Vuori Clothing,Jtree Pocket Tee | Mauve,Mauve / S,VW966MVESML,840159713556,,,,,2.4,7.2,oz,delivered,03/25/2021 at 14:48,36.00,258,3,N/A,N/A,,,,
T2840,Vuori Clothing,Jtree Pocket Tee | Mauve,Mauve / XL,VW966MVEXLG,840159713587,,,,,2.4,2.4,oz,delivered,03/25/2021 at 14:48,36.00,5,1,N/A,N/A,,,,
T2840,Vuori Clothing,Jtree Pocket Tee | White,White / L,VW966WHTLRG,840159713648,,,,,2.4,4.8,oz,delivered,03/25/2021 at 14:48,36.00,32,2,N/A,N/A,,,,
T2840,Vuori Clothing,Jtree Pocket Tee | White,White / M,VW966WHTMED,840159713631,,,,,2.4,7.2,oz,delivered,03/25/2021 at 14:48,36.00,130,3,N/A,N/A,,,,
T2840,Vuori Clothing,Jtree Pocket Tee | White,White / S,VW966WHTSML,840159713624,,,,,2.4,7.2,oz,delivered,03/25/2021 at 14:48,36.00,246,3,N/A,N/A,,,,
T2840,Vuori Clothing,Jtree Pocket Tee | White,White / XL,VW966WHTXLG,840159713655,,,,,2.4,2.4,oz,delivered,03/25/2021 at 14:48,36.00,3,1,N/A,N/A,,,,
